<?xml version="1.0"?>

<PropertyList>
  <name>sq_comm</name>
  <modal>false</modal>
  <layout>vbox</layout>
  <color>
    <red>0.5</red>
    <green>0.5</green>
    <blue>1.0</blue>
    <alpha>0.5</alpha>
  </color>

  <nasal>
    <open>
    var sq_chat_append = func(n) {
      var hx = getprop("/sim/squawkgear/direct-comms-history");
      setprop("/sim/squawkgear/direct-comms-history", hx ~ n ~ "\n");
    }
    var sq_listener = func(n) {
      sq_chat_append(n.getValue());
    }
    var sq_listen_id = setlistener("/sim/squawkgear/receive", sq_listener);
    </open>

    <close>
    removelistener(sq_listen_id);
    </close>
  </nasal>

  <text>
    <label>SquawkGear Direct Comms</label>
    <color>
      <red>1.0</red>
      <green>1.0</green>
      <blue>1.0</blue>
      <alpha>1.0</alpha>
    </color>
  </text>

  <hrule/>

  <textbox>
    <color>
      <red>0.7</red>
      <green>0.7</green>
      <blue>0.9</blue>
      <alpha>0.7</alpha>
    </color>
    <halign>fill</halign>
    <pref-width>400</pref-width>
    <pref-height>240</pref-height>
    <slider>20</slider>
    <live>true</live>
    <wrap>true</wrap>
    <editable>false</editable>
    <property>/sim/squawkgear/direct-comms-history</property>
  </textbox>

  <group>
    <layout>hbox</layout>

    <input>
     <name>dest-callsign</name>
     <stretch>false</stretch>
     <halign>fill</halign>
     <length>10</length>
     <pref-width>90</pref-width>
     <property>/sim/squawkgear/dest-callsign</property>
     <color><alpha>0.5</alpha></color>
    </input>

    <input>
     <name>compose</name>
     <stretch>true</stretch>
     <halign>fill</halign>
     <length>50</length>
     <pref-width>340</pref-width>
     <property>/sim/squawkgear/tx-compose</property>
     <color><alpha>0.5</alpha></color>
    </input>

    <button>
      <legend>Send</legend>
      <default>true</default>
      <key>Enter</key>
      <binding>
        <command>dialog-apply</command>
      </binding>
      <binding>
        <command>nasal</command>
        <script>
          var txt = getprop("/sim/squawkgear/tx-compose");
          var cs  = getprop("/sim/squawkgear/dest-callsign");
	  var m   = cs ~ ' ' ~ txt;
          if (txt != "") {
            setprop("/sim/squawkgear/transmit", m);
	    m   = 'To ' ~ cs ~ ': ' ~ txt;
	    sq_chat_append(m);
            setprop("/sim/squawkgear/tx-compose", "");
            gui.dialog_update("sq_comm", "compose");
          }
        </script>
      </binding>
    </button>
  </group>

  <group>
    <layout>hbox</layout>
    <empty><stretch>true</stretch></empty>

    <button>
      <legend>Close</legend>
      <default>true</default>
      <key>Esc</key>
      <binding>
        <command>dialog-close</command>
      </binding>
    </button>

    <empty><stretch>true</stretch></empty>
  </group>

</PropertyList>
