<?xml version="1.0"?>
<PropertyList>
 <generic>

  <output>
   <binary_mode>false</binary_mode>
   <var_separator> </var_separator>
   <line_separator>\n</line_separator>
   <preamble>register FlightGear</preamble>

   <chunk>
    <type>string</type>
    <format>put</format>
   </chunk>

   <chunk>
    <name>lat</name>
    <type>float</type>
    <node>/position/latitude-deg</node>
    <format>lat %f</format>
   </chunk>

   <chunk>
    <name>lon</name>
    <type>float</type>
    <node>/position/longitude-deg</node>
    <format>lon %f</format>
   </chunk>

   <chunk>
    <name>alt</name>
    <type>int</type>
    <node>/instrumentation/altimeter/indicated-altitude-ft</node>
    <format>alt %d</format>
   </chunk>

   <chunk>
    <name>ground speed</name>
    <type>int</type>
    <node>/velocities/groundspeed-kt</node>
    <format>gnd %d</format>
   </chunk>

   <chunk>
    <name>heading</name>
    <type>int</type>
    <node>/orientation/heading-deg</node>
    <format>hdg %d</format>
    <factor>10</factor>
   </chunk>

   <chunk>
    <name>pitch</name>
    <type>int</type>
    <node>/orientation/pitch-deg</node>
    <format>pit %d</format>
   </chunk>

   <chunk>
    <name>bank</name>
    <type>int</type>
    <node>/orientation/roll-deg</node>
    <format>bnk %d</format>
   </chunk>

   <chunk>
    <name>mag variation</name>
    <type>int</type>
    <node>/environment/magnetic-variation-deg</node>
    <format>var %d</format>
   </chunk>

   <chunk>
    <name>comm frequency</name>
    <type>float</type>
    <node>/instrumentation/comm/frequencies/selected-mhz</node>
    <format>com %f</format>
    <factor>100</factor>
   </chunk>

   <chunk>
    <name>transponder frequency</name>
    <type>int</type>
    <node>/instrumentation/transponder/id-code</node>
    <format>xpd %d</format>
   </chunk>

   <chunk>
    <name>UTC hour</name>
    <type>int</type>
    <node>/sim/time/utc/hour</node>
    <format>hrs %d</format>
   </chunk>

   <chunk>
    <name>UTC min</name>
    <type>int</type>
    <node>/sim/time/utc/minute</node>
    <format>min %d</format>
   </chunk>

   <chunk>
    <name>comm transmit</name>
    <type>string</type>
    <node>/sim/multiplay/chat</node>
    <format>rtx {%s}</format>
   </chunk>

   <chunk>
    <name>direct comms transmit</name>
    <type>string</type>
    <node>/sim/squawkgear/transmit</node>
    <format>atx {%s}</format>
   </chunk>

<!--
/sim/messages/atc,pilot,ground,approach,ai-plane,mp-plane
/sim/multiplay/transmission-freq-hz (unused at present)
-->
 
  </output>

 </generic>
</PropertyList>
